2. Bundesliga 2016/17,1. FC Kaiserslautern,André Weis
2. Bundesliga 2016/17,1. FC Kaiserslautern,Julian Pollersbeck
2. Bundesliga 2016/17,1. FC Kaiserslautern,JanOle Sievers
2. Bundesliga 2016/17,1. FC Kaiserslautern,Ewerton
2. Bundesliga 2016/17,1. FC Kaiserslautern,Patrick Ziegler
2. Bundesliga 2016/17,1. FC Kaiserslautern,Tim Heubach
2. Bundesliga 2016/17,1. FC Kaiserslautern,Naser Aliji
2. Bundesliga 2016/17,1. FC Kaiserslautern,Mensur Mujdza
2. Bundesliga 2016/17,1. FC Kaiserslautern,Phillipp Mwene
2. Bundesliga 2016/17,1. FC Kaiserslautern,Robin Koch
2. Bundesliga 2016/17,1. FC Kaiserslautern,Marlon Frey
2. Bundesliga 2016/17,1. FC Kaiserslautern,Christoph Moritz
2. Bundesliga 2016/17,1. FC Kaiserslautern,Alexander Ring
2. Bundesliga 2016/17,1. FC Kaiserslautern,Daniel Halfar
2. Bundesliga 2016/17,1. FC Kaiserslautern,Nils Seufert
2. Bundesliga 2016/17,1. FC Kaiserslautern,Sebastian Kerk
2. Bundesliga 2016/17,1. FC Kaiserslautern,Zoltán Stieber
2. Bundesliga 2016/17,1. FC Kaiserslautern,Marcel Gaus
2. Bundesliga 2016/17,1. FC Kaiserslautern,Robert Pich
2. Bundesliga 2016/17,1. FC Kaiserslautern,Nicklas Shipnoski
2. Bundesliga 2016/17,1. FC Kaiserslautern,Lukas Görtler
2. Bundesliga 2016/17,1. FC Kaiserslautern,Maximilian Dittgen
2. Bundesliga 2016/17,1. FC Kaiserslautern,Jacques Zoua
2. Bundesliga 2016/17,1. FC Kaiserslautern,Kacper Przybylko
2. Bundesliga 2016/17,1. FC Kaiserslautern,Osayamen Osawe
2. Bundesliga 2016/17,1. FC Kaiserslautern,Sebastian Jacob
2. Bundesliga 2016/17,1. FC Kaiserslautern,Erik Wekesser
2. Bundesliga 2016/17,Hannover 96,Felipe
2. Bundesliga 2016/17,Hannover 96,Philipp Tschauner
2. Bundesliga 2016/17,Hannover 96,Timo Königsmann
2. Bundesliga 2016/17,Hannover 96,Samuel SahinRadlinger
2. Bundesliga 2016/17,Hannover 96,Salif Sané
2. Bundesliga 2016/17,Hannover 96,Stefan Strandberg
2. Bundesliga 2016/17,Hannover 96,Florian Hübner
2. Bundesliga 2016/17,Hannover 96,Waldemar Anton
2. Bundesliga 2016/17,Hannover 96,Timo Hübers
2. Bundesliga 2016/17,Hannover 96,Miiko Albornoz
2. Bundesliga 2016/17,Hannover 96,Edgar Prib
2. Bundesliga 2016/17,Hannover 96,Oliver Sorg
2. Bundesliga 2016/17,Hannover 96,Fynn Arkenberg
2. Bundesliga 2016/17,Hannover 96,Manuel Schmiedebach
2. Bundesliga 2016/17,Hannover 96,Andre Hoffmann
2. Bundesliga 2016/17,Hannover 96,Iver Fossum
2. Bundesliga 2016/17,Hannover 96,Marvin Bakalorz
2. Bundesliga 2016/17,Hannover 96,Sebastian Maier
2. Bundesliga 2016/17,Hannover 96,Mike Steven Bähre
2. Bundesliga 2016/17,Hannover 96,Felix Klaus
2. Bundesliga 2016/17,Hannover 96,Kenan Karaman
2. Bundesliga 2016/17,Hannover 96,Valmir Sulejmani
2. Bundesliga 2016/17,Hannover 96,Martin Harnik
2. Bundesliga 2016/17,Hannover 96,Uffe Bech
2. Bundesliga 2016/17,Hannover 96,Noah Joel Sarenren Bazee
2. Bundesliga 2016/17,Hannover 96,Niclas Füllkrug
2. Bundesliga 2016/17,Hannover 96,Artur Sobiech
2. Bundesliga 2016/17,Hannover 96,Charlison Benschop
2. Bundesliga 2016/17,Hannover 96,Babacar Gueye
2. Bundesliga 2016/17,Arminia Bielefeld,Wolfgang Hesl
2. Bundesliga 2016/17,Arminia Bielefeld,Daniel Davari
2. Bundesliga 2016/17,Arminia Bielefeld,Nikolai Rehnen
2. Bundesliga 2016/17,Arminia Bielefeld,Baboucarr Gaye
2. Bundesliga 2016/17,Arminia Bielefeld,Julian Börner
2. Bundesliga 2016/17,Arminia Bielefeld,Brian Behrendt
2. Bundesliga 2016/17,Arminia Bielefeld,Stephan Salger
2. Bundesliga 2016/17,Arminia Bielefeld,Malcolm Cacutalua
2. Bundesliga 2016/17,Arminia Bielefeld,Manuel Hornig
2. Bundesliga 2016/17,Arminia Bielefeld,Sebastian Schuppan
2. Bundesliga 2016/17,Arminia Bielefeld,Florian Hartherz
2. Bundesliga 2016/17,Arminia Bielefeld,Florian Dick
2. Bundesliga 2016/17,Arminia Bielefeld,Steffen Lang
2. Bundesliga 2016/17,Arminia Bielefeld,Tom Schütz
2. Bundesliga 2016/17,Arminia Bielefeld,Tomasz Holota
2. Bundesliga 2016/17,Arminia Bielefeld,Manuel Prietl
2. Bundesliga 2016/17,Arminia Bielefeld,Allan Firmino Dantas
2. Bundesliga 2016/17,Arminia Bielefeld,Manuel Junglas
2. Bundesliga 2016/17,Arminia Bielefeld,Daniel Brinkmann
2. Bundesliga 2016/17,Arminia Bielefeld,Michael Görlitz
2. Bundesliga 2016/17,Arminia Bielefeld,Michal Mak
2. Bundesliga 2016/17,Arminia Bielefeld,David Ulm
2. Bundesliga 2016/17,Arminia Bielefeld,Keanu Staude
2. Bundesliga 2016/17,Arminia Bielefeld,Christopher Nöthe
2. Bundesliga 2016/17,Arminia Bielefeld,Christoph Hemlein
2. Bundesliga 2016/17,Arminia Bielefeld,Fabian Klos
2. Bundesliga 2016/17,Arminia Bielefeld,Andreas Voglsammer
2. Bundesliga 2016/17,Arminia Bielefeld,Leandro Putaro
2. Bundesliga 2016/17,Karlsruher SC,René Vollath
2. Bundesliga 2016/17,Karlsruher SC,Dirk Orlishausen
2. Bundesliga 2016/17,Karlsruher SC,Florian Stritzel
2. Bundesliga 2016/17,Karlsruher SC,Jordi Figueras
2. Bundesliga 2016/17,Karlsruher SC,Bjarne Thoelke
2. Bundesliga 2016/17,Karlsruher SC,David Kinsombi
2. Bundesliga 2016/17,Karlsruher SC,Martin Stoll
2. Bundesliga 2016/17,Karlsruher SC,Niklas Hoffmann
2. Bundesliga 2016/17,Karlsruher SC,Dennis Kempe
2. Bundesliga 2016/17,Karlsruher SC,Ylli Sallahi
2. Bundesliga 2016/17,Karlsruher SC,Enrico Valentini
2. Bundesliga 2016/17,Karlsruher SC,Matthias Bader
2. Bundesliga 2016/17,Karlsruher SC,Franck Kom
2. Bundesliga 2016/17,Karlsruher SC,Grischa Prömel
2. Bundesliga 2016/17,Karlsruher SC,Gaetan Krebs
2. Bundesliga 2016/17,Karlsruher SC,Marvin Mehlem
2. Bundesliga 2016/17,Karlsruher SC,Tim Grupp
2. Bundesliga 2016/17,Karlsruher SC,Hiroki Yamada
2. Bundesliga 2016/17,Karlsruher SC,Boubacar Barry
2. Bundesliga 2016/17,Karlsruher SC,Yann Rolim
2. Bundesliga 2016/17,Karlsruher SC,Tim Fahrenholz
2. Bundesliga 2016/17,Karlsruher SC,Moritz Stoppelkamp
2. Bundesliga 2016/17,Karlsruher SC,Manuel Torres
2. Bundesliga 2016/17,Karlsruher SC,Charalampos Mavrias
2. Bundesliga 2016/17,Karlsruher SC,Dimitrios Diamantakos
2. Bundesliga 2016/17,Karlsruher SC,Florian Kamberi
2. Bundesliga 2016/17,Karlsruher SC,Erwin Hoffer
2. Bundesliga 2016/17,Karlsruher SC,Valentino Vujinovic
2. Bundesliga 2016/17,VfL Bochum,Manuel Riemann
2. Bundesliga 2016/17,VfL Bochum,Martin Kompalla
2. Bundesliga 2016/17,VfL Bochum,Felix Dornebusch
2. Bundesliga 2016/17,VfL Bochum,Florian Kraft
2. Bundesliga 2016/17,VfL Bochum,Pawel Dawidowicz
2. Bundesliga 2016/17,VfL Bochum,Felix Bastians
2. Bundesliga 2016/17,VfL Bochum,Patrick Fabian
2. Bundesliga 2016/17,VfL Bochum,Gökhan Gül
2. Bundesliga 2016/17,VfL Bochum,Tom Baack
2. Bundesliga 2016/17,VfL Bochum,Timo Perthel
2. Bundesliga 2016/17,VfL Bochum,Jannik Bandowski
2. Bundesliga 2016/17,VfL Bochum,Nico Rieble
2. Bundesliga 2016/17,VfL Bochum,Maxim Leitsch
2. Bundesliga 2016/17,VfL Bochum,Stefano Celozzi
2. Bundesliga 2016/17,VfL Bochum,Jan Gyamerah
2. Bundesliga 2016/17,VfL Bochum,Anthony Losilla
2. Bundesliga 2016/17,VfL Bochum,Tim Hoogland
2. Bundesliga 2016/17,VfL Bochum,Tim Krafft
2. Bundesliga 2016/17,VfL Bochum,Dominik Wydra
2. Bundesliga 2016/17,VfL Bochum,Alexander Merkel
2. Bundesliga 2016/17,VfL Bochum,Russell Canouse
2. Bundesliga 2016/17,VfL Bochum,Marco Stiepermann
2. Bundesliga 2016/17,VfL Bochum,Kevin Stöger
2. Bundesliga 2016/17,VfL Bochum,Thomas Eisfeld
2. Bundesliga 2016/17,VfL Bochum,Görkem Saglam
2. Bundesliga 2016/17,VfL Bochum,Hayk Galstyan
2. Bundesliga 2016/17,VfL Bochum,Tom Weilandt
2. Bundesliga 2016/17,VfL Bochum,Selim Gündüz
2. Bundesliga 2016/17,VfL Bochum,Vangelis Pavlidis
2. Bundesliga 2016/17,VfL Bochum,Johannes Wurtz
2. Bundesliga 2016/17,VfL Bochum,Peniel Mlapa
2. Bundesliga 2016/17,VfL Bochum,Nils Quaschner
2. Bundesliga 2016/17,1. FC Union Berlin,Jakob Busk
2. Bundesliga 2016/17,1. FC Union Berlin,Michael Gspurning
2. Bundesliga 2016/17,1. FC Union Berlin,Daniel Mesenhöler
2. Bundesliga 2016/17,1. FC Union Berlin,Toni Leistner
2. Bundesliga 2016/17,1. FC Union Berlin,Roberto Puncec
2. Bundesliga 2016/17,1. FC Union Berlin,Fabian Schönheim
2. Bundesliga 2016/17,1. FC Union Berlin,Emanuel Pogatetz
2. Bundesliga 2016/17,1. FC Union Berlin,Michael Parensen
2. Bundesliga 2016/17,1. FC Union Berlin,Kristian Pedersen
2. Bundesliga 2016/17,1. FC Union Berlin,Christopher Lenz
2. Bundesliga 2016/17,1. FC Union Berlin,Benjamin Kessel
2. Bundesliga 2016/17,1. FC Union Berlin,Christopher Trimmel
2. Bundesliga 2016/17,1. FC Union Berlin,Felix Kroos
2. Bundesliga 2016/17,1. FC Union Berlin,Stephan Fürstner
2. Bundesliga 2016/17,1. FC Union Berlin,Benjamin Köhler
2. Bundesliga 2016/17,1. FC Union Berlin,Damir Kreilach
2. Bundesliga 2016/17,1. FC Union Berlin,Eroll Zejnullahu
2. Bundesliga 2016/17,1. FC Union Berlin,Dennis Daube
2. Bundesliga 2016/17,1. FC Union Berlin,Lukas Lämmel
2. Bundesliga 2016/17,1. FC Union Berlin,Simon Hedlund
2. Bundesliga 2016/17,1. FC Union Berlin,Raffael Korte
2. Bundesliga 2016/17,1. FC Union Berlin,Kenny Prince Redondo
2. Bundesliga 2016/17,1. FC Union Berlin,Adrian Nikci
2. Bundesliga 2016/17,1. FC Union Berlin,Christopher Quiring
2. Bundesliga 2016/17,1. FC Union Berlin,Maximilian Thiel
2. Bundesliga 2016/17,1. FC Union Berlin,Steven Skrzybski
2. Bundesliga 2016/17,1. FC Union Berlin,Sören Brandy
2. Bundesliga 2016/17,1. FC Union Berlin,Philipp Hosiner
2. Bundesliga 2016/17,1. FC Union Berlin,Collin Quaner
2. Bundesliga 2016/17,1. FC Nürnberg,Patrick Rakovsky
2. Bundesliga 2016/17,1. FC Nürnberg,Thorsten Kirschbaum
2. Bundesliga 2016/17,1. FC Nürnberg,Raphael Schäfer
2. Bundesliga 2016/17,1. FC Nürnberg,Dave Bulthuis
2. Bundesliga 2016/17,1. FC Nürnberg,Even Hovland
2. Bundesliga 2016/17,1. FC Nürnberg,Georg Margreitter
2. Bundesliga 2016/17,1. FC Nürnberg,Lukas Mühl
2. Bundesliga 2016/17,1. FC Nürnberg,Laszlo Sepsi
2. Bundesliga 2016/17,1. FC Nürnberg,Miso Brecko
2. Bundesliga 2016/17,1. FC Nürnberg,Hanno Behrens
2. Bundesliga 2016/17,1. FC Nürnberg,Patrick Erras
2. Bundesliga 2016/17,1. FC Nürnberg,Ondrej Petrak
2. Bundesliga 2016/17,1. FC Nürnberg,Patrick Kammerbauer
2. Bundesliga 2016/17,1. FC Nürnberg,Enis Alushi
2. Bundesliga 2016/17,1. FC Nürnberg,Willi Evseev
2. Bundesliga 2016/17,1. FC Nürnberg,Tim Leibold
2. Bundesliga 2016/17,1. FC Nürnberg,Kevin Möhwald
2. Bundesliga 2016/17,1. FC Nürnberg,Tobias Kempe
2. Bundesliga 2016/17,1. FC Nürnberg,Philipp Hercher
2. Bundesliga 2016/17,1. FC Nürnberg,Rúrik Gíslason
2. Bundesliga 2016/17,1. FC Nürnberg,Edgar Salli
2. Bundesliga 2016/17,1. FC Nürnberg,Guido Burgstaller
2. Bundesliga 2016/17,1. FC Nürnberg,Tim Matavz
2. Bundesliga 2016/17,1. FC Nürnberg,Jakub Sylvestr
2. Bundesliga 2016/17,1. FC Nürnberg,Shawn Parker
2. Bundesliga 2016/17,1. FC Nürnberg,Cedric Teuchert
2. Bundesliga 2016/17,Eintracht Braunschweig,Jasmin Fejzic
2. Bundesliga 2016/17,Eintracht Braunschweig,Marcel Engelhardt
2. Bundesliga 2016/17,Eintracht Braunschweig,Saulo Decarli
2. Bundesliga 2016/17,Eintracht Braunschweig,Joseph Baffo
2. Bundesliga 2016/17,Eintracht Braunschweig,Marcel Correia
2. Bundesliga 2016/17,Eintracht Braunschweig,Gustav Valsvik
2. Bundesliga 2016/17,Eintracht Braunschweig,Ken Reichel
2. Bundesliga 2016/17,Eintracht Braunschweig,Niko Kijewski
2. Bundesliga 2016/17,Eintracht Braunschweig,Phil OfosuAyeh
2. Bundesliga 2016/17,Eintracht Braunschweig,Maximilian Sauer
2. Bundesliga 2016/17,Eintracht Braunschweig,Adam Matuschyk
2. Bundesliga 2016/17,Eintracht Braunschweig,Quirin Moll
2. Bundesliga 2016/17,Eintracht Braunschweig,Mirko Boland
2. Bundesliga 2016/17,Eintracht Braunschweig,Nik Omladic
2. Bundesliga 2016/17,Eintracht Braunschweig,Jan Hochscheidt
2. Bundesliga 2016/17,Eintracht Braunschweig,Hendrick Zuck
2. Bundesliga 2016/17,Eintracht Braunschweig,Salim Khelifi
2. Bundesliga 2016/17,Eintracht Braunschweig,Onel Hernández
2. Bundesliga 2016/17,Eintracht Braunschweig,Julius Biada
2. Bundesliga 2016/17,Eintracht Braunschweig,Christoffer Nyman
2. Bundesliga 2016/17,Eintracht Braunschweig,Suleiman Abdullahi
2. Bundesliga 2016/17,Eintracht Braunschweig,Domi Kumbela
2. Bundesliga 2016/17,Eintracht Braunschweig,Phillip Tietz
2. Bundesliga 2016/17,SpVgg Greuther Fürth,Balázs Megyeri
2. Bundesliga 2016/17,SpVgg Greuther Fürth,Sebastian Mielitz
2. Bundesliga 2016/17,SpVgg Greuther Fürth,Sascha Burchert
2. Bundesliga 2016/17,SpVgg Greuther Fürth,Marius Funk
2. Bundesliga 2016/17,SpVgg Greuther Fürth,Marcel Franke
2. Bundesliga 2016/17,SpVgg Greuther Fürth,Lukas Gugganig
2. Bundesliga 2016/17,SpVgg Greuther Fürth,Marco Caligiuri
2. Bundesliga 2016/17,SpVgg Greuther Fürth,Nicolai Rapp
2. Bundesliga 2016/17,SpVgg Greuther Fürth,Erhun Obanor
2. Bundesliga 2016/17,SpVgg Greuther Fürth,Niko Gießelmann
2. Bundesliga 2016/17,SpVgg Greuther Fürth,Sebastian Heidinger
2. Bundesliga 2016/17,SpVgg Greuther Fürth,Khaled Narey
2. Bundesliga 2016/17,SpVgg Greuther Fürth,Dominik Schad
2. Bundesliga 2016/17,SpVgg Greuther Fürth,Andreas Hofmann
2. Bundesliga 2016/17,SpVgg Greuther Fürth,Jurgen Gjasula
2. Bundesliga 2016/17,SpVgg Greuther Fürth,Benedikt Kirsch
2. Bundesliga 2016/17,SpVgg Greuther Fürth,Sercan Sararer
2. Bundesliga 2016/17,SpVgg Greuther Fürth,Zlatko Tripic
2. Bundesliga 2016/17,SpVgg Greuther Fürth,George Davies
2. Bundesliga 2016/17,SpVgg Greuther Fürth,Mathis Bolly
2. Bundesliga 2016/17,SpVgg Greuther Fürth,Daniel Steininger
2. Bundesliga 2016/17,SpVgg Greuther Fürth,Robert Zulj
2. Bundesliga 2016/17,SpVgg Greuther Fürth,Veton Berisha
2. Bundesliga 2016/17,SpVgg Greuther Fürth,Ante Vukusic
2. Bundesliga 2016/17,SpVgg Greuther Fürth,Sebastian Freis
2. Bundesliga 2016/17,SpVgg Greuther Fürth,Serdar Dursun
2. Bundesliga 2016/17,SpVgg Greuther Fürth,Ilir Azemi
2. Bundesliga 2016/17,TSV 1860 München,Jan Zimmermann
2. Bundesliga 2016/17,TSV 1860 München,Vitus Eicher
2. Bundesliga 2016/17,TSV 1860 München,Stefan Ortega
2. Bundesliga 2016/17,TSV 1860 München,Milos Degenek
2. Bundesliga 2016/17,TSV 1860 München,Jan Mauersberger
2. Bundesliga 2016/17,TSV 1860 München,Rodnei
2. Bundesliga 2016/17,TSV 1860 München,Ohis Felix Uduokhai
2. Bundesliga 2016/17,TSV 1860 München,Maximilian Wittek
2. Bundesliga 2016/17,TSV 1860 München,Filip Stojkovic
2. Bundesliga 2016/17,TSV 1860 München,Marnon Busch
2. Bundesliga 2016/17,TSV 1860 München,Fanol Perdedaj
2. Bundesliga 2016/17,TSV 1860 München,Kai Bülow
2. Bundesliga 2016/17,TSV 1860 München,Goran Sukalo
2. Bundesliga 2016/17,TSV 1860 München,Daniel Adlung
2. Bundesliga 2016/17,TSV 1860 München,Romuald Lacazette
2. Bundesliga 2016/17,TSV 1860 München,Daylon Claasen
2. Bundesliga 2016/17,TSV 1860 München,Levent Aycicek
2. Bundesliga 2016/17,TSV 1860 München,Michael Liendl
2. Bundesliga 2016/17,TSV 1860 München,Florian Neuhaus
2. Bundesliga 2016/17,TSV 1860 München,Nico Karger
2. Bundesliga 2016/17,TSV 1860 München,Nicholas Helmbrecht
2. Bundesliga 2016/17,TSV 1860 München,Moritz Heinrich
2. Bundesliga 2016/17,TSV 1860 München,Stefan Aigner
2. Bundesliga 2016/17,TSV 1860 München,Victor Andrade
2. Bundesliga 2016/17,TSV 1860 München,Karim Matmour
2. Bundesliga 2016/17,TSV 1860 München,Krisztián Simon
2. Bundesliga 2016/17,TSV 1860 München,Ribamar
2. Bundesliga 2016/17,TSV 1860 München,Sascha Mölders
2. Bundesliga 2016/17,TSV 1860 München,Ivica Olic
2. Bundesliga 2016/17,1. FC Heidenheim 1846,Kevin Müller
2. Bundesliga 2016/17,1. FC Heidenheim 1846,Oliver Schnitzler
2. Bundesliga 2016/17,1. FC Heidenheim 1846,Leon Jankowski
2. Bundesliga 2016/17,1. FC Heidenheim 1846,Kevin Kraus
2. Bundesliga 2016/17,1. FC Heidenheim 1846,Mathias Wittek
2. Bundesliga 2016/17,1. FC Heidenheim 1846,Timo Beermann
2. Bundesliga 2016/17,1. FC Heidenheim 1846,Ibrahim Hajtic
2. Bundesliga 2016/17,1. FC Heidenheim 1846,Arne Feick
2. Bundesliga 2016/17,1. FC Heidenheim 1846,Robert Strauß
2. Bundesliga 2016/17,1. FC Heidenheim 1846,Ronny Philp
2. Bundesliga 2016/17,1. FC Heidenheim 1846,Robin Becker
2. Bundesliga 2016/17,1. FC Heidenheim 1846,Sebastian Griesbeck
2. Bundesliga 2016/17,1. FC Heidenheim 1846,Norman Theuerkauf
2. Bundesliga 2016/17,1. FC Heidenheim 1846,Martin Rasner
2. Bundesliga 2016/17,1. FC Heidenheim 1846,Marcel TitschRivero
2. Bundesliga 2016/17,1. FC Heidenheim 1846,Dave Gnaase
2. Bundesliga 2016/17,1. FC Heidenheim 1846,Marc Schnatterer
2. Bundesliga 2016/17,1. FC Heidenheim 1846,David Atanga
2. Bundesliga 2016/17,1. FC Heidenheim 1846,Tim Skarke
2. Bundesliga 2016/17,1. FC Heidenheim 1846,Ben Halloran
2. Bundesliga 2016/17,1. FC Heidenheim 1846,Smail Morabit
2. Bundesliga 2016/17,1. FC Heidenheim 1846,Bard Finne
2. Bundesliga 2016/17,1. FC Heidenheim 1846,Denis Thomalla
2. Bundesliga 2016/17,1. FC Heidenheim 1846,John Verhoek
2. Bundesliga 2016/17,1. FC Heidenheim 1846,Tim Kleindienst
2. Bundesliga 2016/17,1. FC Heidenheim 1846,Dominik Widemann
2. Bundesliga 2016/17,Erzgebirge Aue,Stipe Vucur
2. Bundesliga 2016/17,Erzgebirge Aue,Arvydas Novikovas
2. Bundesliga 2016/17,Erzgebirge Aue,Patrick Schönfeld
2. Bundesliga 2016/17,Erzgebirge Aue,Stefan Mugosa
2. Bundesliga 2016/17,Erzgebirge Aue,Martin Männel
2. Bundesliga 2016/17,Erzgebirge Aue,Sascha Kirschstein
2. Bundesliga 2016/17,Erzgebirge Aue,Marius Schulze
2. Bundesliga 2016/17,Erzgebirge Aue,Mario Seidel
2. Bundesliga 2016/17,Erzgebirge Aue,Iván González
2. Bundesliga 2016/17,Erzgebirge Aue,Michael Fink
2. Bundesliga 2016/17,Erzgebirge Aue,Thomas Paulus
2. Bundesliga 2016/17,Erzgebirge Aue,René Klingbeil
2. Bundesliga 2016/17,Erzgebirge Aue,Román Golobart
2. Bundesliga 2016/17,Erzgebirge Aue,Benedikt Krug
2. Bundesliga 2016/17,Erzgebirge Aue,Marcin Sieber
2. Bundesliga 2016/17,Erzgebirge Aue,Sebastian Hertner
2. Bundesliga 2016/17,Erzgebirge Aue,Fabian Müller
2. Bundesliga 2016/17,Erzgebirge Aue,Nils Miatke
2. Bundesliga 2016/17,Erzgebirge Aue,Thorsten Schulz
2. Bundesliga 2016/17,Erzgebirge Aue,Filip Luksik
2. Bundesliga 2016/17,Erzgebirge Aue,Vladimir Rankovic
2. Bundesliga 2016/17,Erzgebirge Aue,Oliver Schröder
2. Bundesliga 2016/17,Erzgebirge Aue,Rico Benatelli
2. Bundesliga 2016/17,Erzgebirge Aue,Dorian Diring
2. Bundesliga 2016/17,Erzgebirge Aue,Clemens Fandrich
2. Bundesliga 2016/17,Erzgebirge Aue,Philip Hauck
2. Bundesliga 2016/17,Erzgebirge Aue,Alexander Dartsch
2. Bundesliga 2016/17,Erzgebirge Aue,Selcuk Alibaz
2. Bundesliga 2016/17,Erzgebirge Aue,Mike Könnecke
2. Bundesliga 2016/17,Erzgebirge Aue,Felix Kunert
2. Bundesliga 2016/17,Erzgebirge Aue,Romario Kortzorg
2. Bundesliga 2016/17,Erzgebirge Aue,Bobby Wood
2. Bundesliga 2016/17,Erzgebirge Aue,Henri Anier
2. Bundesliga 2016/17,Erzgebirge Aue,Frank Löning
2. Bundesliga 2016/17,Erzgebirge Aue,Solomon Okoronkwo
2. Bundesliga 2016/17,Erzgebirge Aue,Thomas Sonntag
2. Bundesliga 2016/17,Erzgebirge Aue,Killien Jungen
2. Bundesliga 2016/17,SV Sandhausen,Marco Knaller
2. Bundesliga 2016/17,SV Sandhausen,Rick Wulle
2. Bundesliga 2016/17,SV Sandhausen,Michael Hiegl
2. Bundesliga 2016/17,SV Sandhausen,Tim Kister
2. Bundesliga 2016/17,SV Sandhausen,Daniel Gordon
2. Bundesliga 2016/17,SV Sandhausen,Benedikt Gimber
2. Bundesliga 2016/17,SV Sandhausen,Tim Knipping
2. Bundesliga 2016/17,SV Sandhausen,Leart Paqarada
2. Bundesliga 2016/17,SV Sandhausen,Damian Roßbach
2. Bundesliga 2016/17,SV Sandhausen,Philipp Klingmann
2. Bundesliga 2016/17,SV Sandhausen,Denis Linsmayer
2. Bundesliga 2016/17,SV Sandhausen,Markus Karl
2. Bundesliga 2016/17,SV Sandhausen,Daniel Lukasik
2. Bundesliga 2016/17,SV Sandhausen,Stefan Kulovits
2. Bundesliga 2016/17,SV Sandhausen,Erik Zenga
2. Bundesliga 2016/17,SV Sandhausen,Steven Zellner
2. Bundesliga 2016/17,SV Sandhausen,Maximilian Jansen
2. Bundesliga 2016/17,SV Sandhausen,Manuel Stiefler
2. Bundesliga 2016/17,SV Sandhausen,Moritz Kuhn
2. Bundesliga 2016/17,SV Sandhausen,Marco Thiede
2. Bundesliga 2016/17,SV Sandhausen,Korbinian Vollmann
2. Bundesliga 2016/17,SV Sandhausen,Thomas Pledl
2. Bundesliga 2016/17,SV Sandhausen,Taner Yalcin
2. Bundesliga 2016/17,SV Sandhausen,Jakub Kosecki
2. Bundesliga 2016/17,SV Sandhausen,JulianMaurice Derstroff
2. Bundesliga 2016/17,SV Sandhausen,Andrew Wooten
2. Bundesliga 2016/17,SV Sandhausen,Lucas Höler
2. Bundesliga 2016/17,SV Sandhausen,José Pierre Vunguidica
2. Bundesliga 2016/17,SV Sandhausen,Richard SukutaPasu
2. Bundesliga 2016/17,Fortuna Düsseldorf,Michael Rensing
2. Bundesliga 2016/17,Fortuna Düsseldorf,Lars Unnerstall
2. Bundesliga 2016/17,Fortuna Düsseldorf,Tim Wiesner
2. Bundesliga 2016/17,Fortuna Düsseldorf,Justin vom Steeg
2. Bundesliga 2016/17,Fortuna Düsseldorf,Kaan Ayhan
2. Bundesliga 2016/17,Fortuna Düsseldorf,Kevin Akpoguma
2. Bundesliga 2016/17,Fortuna Düsseldorf,Alexander Madlung
2. Bundesliga 2016/17,Fortuna Düsseldorf,Robin Bormuth
2. Bundesliga 2016/17,Fortuna Düsseldorf,Lukas Schmitz
2. Bundesliga 2016/17,Fortuna Düsseldorf,Anderson Lucoqui
2. Bundesliga 2016/17,Fortuna Düsseldorf,Julian Schauerte
2. Bundesliga 2016/17,Fortuna Düsseldorf,Julian Koch
2. Bundesliga 2016/17,Fortuna Düsseldorf,Adam Bodzek
2. Bundesliga 2016/17,Fortuna Düsseldorf,Marcel Sobottka
2. Bundesliga 2016/17,Fortuna Düsseldorf,Justin Toshiki Kinjo
2. Bundesliga 2016/17,Fortuna Düsseldorf,Christian Gartner
2. Bundesliga 2016/17,Fortuna Düsseldorf,Oliver Fink
2. Bundesliga 2016/17,Fortuna Düsseldorf,Kaan Akca
2. Bundesliga 2016/17,Fortuna Düsseldorf,Taylan Duman
2. Bundesliga 2016/17,Fortuna Düsseldorf,Jerome Kiesewetter
2. Bundesliga 2016/17,Fortuna Düsseldorf,Axel Bellinghausen
2. Bundesliga 2016/17,Fortuna Düsseldorf,Arianit Ferati
2. Bundesliga 2016/17,Fortuna Düsseldorf,Özkan Yildirim
2. Bundesliga 2016/17,Fortuna Düsseldorf,Marlon Ritter
2. Bundesliga 2016/17,Fortuna Düsseldorf,Ihlas Bebou
2. Bundesliga 2016/17,Fortuna Düsseldorf,Rouwen Hennings
2. Bundesliga 2016/17,Fortuna Düsseldorf,Maecky Ngombo
2. Bundesliga 2016/17,Fortuna Düsseldorf,Didier Ya Konan
2. Bundesliga 2016/17,Fortuna Düsseldorf,Emmanuel Iyoha
2. Bundesliga 2016/17,Fortuna Düsseldorf,Kemal Rüzgar
2. Bundesliga 2016/17,VfB Stuttgart,Mitchell Langerak
2. Bundesliga 2016/17,VfB Stuttgart,Jens Grahl
2. Bundesliga 2016/17,VfB Stuttgart,Benjamin Uphoff
2. Bundesliga 2016/17,VfB Stuttgart,Timo Baumgartl
2. Bundesliga 2016/17,VfB Stuttgart,Toni Sunjic
2. Bundesliga 2016/17,VfB Stuttgart,Marcin Kaminski
2. Bundesliga 2016/17,VfB Stuttgart,Benjamin Pavard
2. Bundesliga 2016/17,VfB Stuttgart,Stephen Sama
2. Bundesliga 2016/17,VfB Stuttgart,Emiliano Insúa
2. Bundesliga 2016/17,VfB Stuttgart,Philip Heise
2. Bundesliga 2016/17,VfB Stuttgart,Kevin Großkreutz
2. Bundesliga 2016/17,VfB Stuttgart,Florian Klein
2. Bundesliga 2016/17,VfB Stuttgart,Matthias Zimmermann
2. Bundesliga 2016/17,VfB Stuttgart,Hajime Hosogai
2. Bundesliga 2016/17,VfB Stuttgart,Mart Ristl
2. Bundesliga 2016/17,VfB Stuttgart,Hans Nunoo Sarpei
2. Bundesliga 2016/17,VfB Stuttgart,Christian Gentner
2. Bundesliga 2016/17,VfB Stuttgart,Anto Grgic
2. Bundesliga 2016/17,VfB Stuttgart,Max Besuschkow
2. Bundesliga 2016/17,VfB Stuttgart,Alexandru Maxim
2. Bundesliga 2016/17,VfB Stuttgart,Marvin Wanitzek
2. Bundesliga 2016/17,VfB Stuttgart,Berkay Özcan
2. Bundesliga 2016/17,VfB Stuttgart,Joel Sonora
2. Bundesliga 2016/17,VfB Stuttgart,Tobias Werner
2. Bundesliga 2016/17,VfB Stuttgart,Jean Zimmer
2. Bundesliga 2016/17,VfB Stuttgart,Carlos Mané
2. Bundesliga 2016/17,VfB Stuttgart,Borys Tashchy
2. Bundesliga 2016/17,VfB Stuttgart,Daniel Ginczek
2. Bundesliga 2016/17,VfB Stuttgart,Simon Terodde
2. Bundesliga 2016/17,VfB Stuttgart,Takuma Asano
2. Bundesliga 2016/17,FC St. Pauli,Robin Himmelmann
2. Bundesliga 2016/17,FC St. Pauli,Philipp Heerwagen
2. Bundesliga 2016/17,FC St. Pauli,Svend Brodersen
2. Bundesliga 2016/17,FC St. Pauli,Lasse Sobiech
2. Bundesliga 2016/17,FC St. Pauli,Philipp Ziereis
2. Bundesliga 2016/17,FC St. Pauli,Sören Gonther
2. Bundesliga 2016/17,FC St. Pauli,Jacob Rasmussen
2. Bundesliga 2016/17,FC St. Pauli,Daniel Buballa
2. Bundesliga 2016/17,FC St. Pauli,Joël Keller
2. Bundesliga 2016/17,FC St. Pauli,Marc Hornschuh
2. Bundesliga 2016/17,FC St. Pauli,Vegar Eggen Hedenstad
2. Bundesliga 2016/17,FC St. Pauli,JanPhilipp Kalla
2. Bundesliga 2016/17,FC St. Pauli,Bernd Nehrig
2. Bundesliga 2016/17,FC St. Pauli,Christopher Avevor
2. Bundesliga 2016/17,FC St. Pauli,Christopher Buchtmann
2. Bundesliga 2016/17,FC St. Pauli,Richard Neudecker
2. Bundesliga 2016/17,FC St. Pauli,Dennis Rosin
2. Bundesliga 2016/17,FC St. Pauli,Jeremy Dudziak
2. Bundesliga 2016/17,FC St. Pauli,Maurice Litka
2. Bundesliga 2016/17,FC St. Pauli,Cenk Sahin
2. Bundesliga 2016/17,FC St. Pauli,Waldemar Sobota
2. Bundesliga 2016/17,FC St. Pauli,Ryo Miyaichi
2. Bundesliga 2016/17,FC St. Pauli,KyoungRok Choi
2. Bundesliga 2016/17,FC St. Pauli,Aziz Bouhaddouz
2. Bundesliga 2016/17,FC St. Pauli,Marvin Ducksch
2. Bundesliga 2016/17,FC St. Pauli,Fafà Picault
2. Bundesliga 2016/17,FC St. Pauli,Nico Empen