AndrÃ© Bjerregaard,A Bjerregaard,A. Bjerregaard,AndrÃ© B.,Bjerregaard
Bubacarr Sanneh,B Sanneh,B. Sanneh,Bubacarr S.,Sanneh
Conor O'Brien,C O'Brien,C. O'Brien,Conor O.,O'Brien
Delphin Tshiembe,D Tshiembe,D. Tshiembe,Delphin T.,Tshiembe
Frederik MÃ¸ller,F MÃ¸ller,F. MÃ¸ller,Frederik M.,MÃ¸ller
HÃ¡llur HÃ¡nsson,H HÃ¡nsson,H. HÃ¡nsson,HÃ¡llur H.,HÃ¡nsson
Jacob Berthelsen,J Berthelsen,J. Berthelsen,Jacob B.,Berthelsen
Jeppe Mehl,J Mehl,J. Mehl,Jeppe M.,Mehl
Jonas Gemmer,J Gemmer,J. Gemmer,Jonas G.,Gemmer
Joseph Mensah,J Mensah,J. Mensah,Joseph M.,Mensah
Kim Aabech,K Aabech,K. Aabech,Kim A.,Aabech
Kjartan Finnbogason,K Finnbogason,K. Finnbogason,Kjartan F.,Finnbogason
Lasse Kryger,L Kryger,L. Kryger,Lasse K.,Kryger
Mads Bech SÃ¸rensen,M Bech SÃ¸rensen,M. Bech SÃ¸rensen,Mads Bech M.,Bech SÃ¸rensen, MBS
Marcus Bobjerg,M Bobjerg,M. Bobjerg,Marcus B.,Bobjerg
Mathias Nielsen,M Nielsen,M. Nielsen,Mathias N.,Nielsen
Mikkel Jespersen,M Jespersen,M. Jespersen,Mikkel J.,Jespersen
Nicklas Dannevang,N Dannevang,N. Dannevang,Nicklas D.,Dannevang
Peter Nymann,P Nymann,P. Nymann,Peter N.,Nymann
Steve Clark,S Clark,S. Clark,Steve C.,Clark
Thomas Kortegaard,T Kortegaard,T. Kortegaard,Thomas K.,Kortegaard
Bradhec Bytyqi,B Bytyqi,B. Bytyqi,Bradhec B.,Bytyqi
Carsten Christensen,C Christensen,C. Christensen,Carsten C.,Christensen
Casper Sloth,C Sloth,C. Sloth,Casper S.,Sloth
Edison Flores,E Flores,E. Flores,Edison F.,Flores
Frederik BÃ¸rsting,F BÃ¸rsting,F. BÃ¸rsting,Frederik B.,BÃ¸rsting
Jakob Ahlmann,J Ahlmann,J. Ahlmann,Jakob A.,Ahlmann
Jakob BlÃ¥bjerg,J BlÃ¥bjerg,J. BlÃ¥bjerg,Jakob B.,BlÃ¥bjerg
Jakub Sylvestr,J Sylvestr,J. Sylvestr,Jakub S.,Sylvestr
Jannik Pohl,J Pohl,J. Pohl,Jannik P.,Pohl
Joakim MÃ¦hle,J MÃ¦hle,J. MÃ¦hle,Joakim M.,MÃ¦hle
Kasper Pedersen,K Pedersen,K. Pedersen,Kasper P.,Pedersen
Kasper RisgÃ¥rd,K RisgÃ¥rd,K. RisgÃ¥rd,Kasper R.,RisgÃ¥rd
Magnus Christensen,M Christensen,M. Christensen,Magnus C.,Christensen
Marco Meilinger,M Meilinger,M. Meilinger,Marco M.,Meilinger
Markus Holgersson,M Holgersson,M. Holgersson,Markus H.,Holgersson
Morten Rokkedal,M Rokkedal,M. Rokkedal,Morten R.,Rokkedal
Nicolai Larsen,N Larsen,N. Larsen,Nicolai L.,Larsen
Oliver Abildgaard,O Abildgaard,O. Abildgaard,Oliver A.,Abildgaard
Patrick Kristensen,P Kristensen,P. Kristensen,Patrick K.,Kristensen
Rasmus Thellufsen,R Thellufsen,R. Thellufsen,Rasmus T.,Thellufsen
Rasmus WÃ¼rtz,R WÃ¼rtz,R. WÃ¼rtz,Rasmus W.,WÃ¼rtz
Sebastian GrÃ¸nning,S GrÃ¸nning,S. GrÃ¸nning,Sebastian G.,GrÃ¸nning
Thomas Enevoldsen,T Enevoldsen,T. Enevoldsen,Thomas E.,Enevoldsen
Aleksandar JovanoviÄ‡,A JovanoviÄ‡,A. JovanoviÄ‡,Aleksandar J.,JovanoviÄ‡
Alexander Juel Andersen,A Juel Andersen,A. Juel Andersen,Alexander Juel A.,Juel Andersen, AJA
Anthony J Soares,A J Soares,A. J Soares,Anthony J A.,J Soares, AJS
BjÃ¶rn Daniel Sverrisson,B Daniel Sverrisson,B. Daniel Sverrisson,BjÃ¶rn Daniel B.,Daniel Sverrisson, BDS
Christopher Oikonomidis,C Oikonomidis,C. Oikonomidis,Christopher O.,Oikonomidis
Daniel Pedersen,D Pedersen,D. Pedersen,Daniel P.,Pedersen
Danny Olsen,D Olsen,D. Olsen,Danny O.,Olsen
Dino MikanoviÄ‡,D MikanoviÄ‡,D. MikanoviÄ‡,Dino M.,MikanoviÄ‡
Dzhamaldin Khodzhaniyazov,D Khodzhaniyazov,D. Khodzhaniyazov,Dzhamaldin K.,Khodzhaniyazov
Elmar Bjarnason,E Bjarnason,E. Bjarnason,Elmar B.,Bjarnason
Emil Christensen,E Christensen,E. Christensen,Emil C.,Christensen
Jacob Florin Torp,J Florin Torp,J. Florin Torp,Jacob Florin J.,Florin Torp, JFT
Jens Stage,J Stage,J. Stage,Jens S.,Stage
Jesper JuelsgÃ¥rd,J JuelsgÃ¥rd,J. JuelsgÃ¥rd,Jesper J.,JuelsgÃ¥rd
Kasper Junker,K Junker,K. Junker,Kasper J.,Junker
Lee Baxter,L Baxter,L. Baxter,Lee B.,Baxter
Martin Spelmann,M Spelmann,M. Spelmann,Martin S.,Spelmann
Michael Zacho,M Zacho,M. Zacho,Michael Z.,Zacho
Morten Rasmussen,M Rasmussen,M. Rasmussen,Morten R.,Rasmussen
Mustafa Amini,M Amini,M. Amini,Mustafa A.,Amini
Niklas Backman,N Backman,N. Backman,Niklas B.,Backman
Oskar Buur,O Buur,O. Buur,Oskar B.,Buur
Steffen Rasmussen,S Rasmussen,S. Rasmussen,Steffen R.,Rasmussen
Stephan Petersen,S Petersen,S. Petersen,Stephan P.,Petersen
Thomas Hagelskjaer,T Hagelskjaer,T. Hagelskjaer,Thomas H.,Hagelskjaer
Ariel NÃºÃ±ez,A NÃºÃ±ez,A. NÃºÃ±ez,Ariel N.,NÃºÃ±ez
Benedikt RÃ¶cker,B RÃ¶cker,B. RÃ¶cker,Benedikt R.,RÃ¶cker
Christian NÃ¸rgaard,C NÃ¸rgaard,C. NÃ¸rgaard,Christian N.,NÃ¸rgaard
Daniel StÃ¼ckler,D StÃ¼ckler,D. StÃ¼ckler,Daniel S.,StÃ¼ckler
Frederik Holst,F Holst,F. Holst,Frederik H.,Holst
Frederik RÃ¸nnow,F RÃ¸nnow,F. RÃ¸nnow,Frederik R.,RÃ¸nnow
Gustaf Nilsson,G Nilsson,G. Nilsson,Gustaf N.,Nilsson
Hany Mukhtar,H Mukhtar,H. Mukhtar,Hany M.,Mukhtar
HjÃ¶rtur Hermannsson,H Hermannsson,H. Hermannsson,HjÃ¶rtur H.,Hermannsson
Jan Kliment,J Kliment,J. Kliment,Jan K.,Kliment
Johan Larsson,J Larsson,J. Larsson,Johan L.,Larsson
Kamil Wilczek,K Wilczek,K. Wilczek,Kamil W.,Wilczek
Lebogang Phiri,L Phiri,L. Phiri,Lebogang P.,Phiri
Mads Toppel,M Toppel,M. Toppel,Mads T.,Toppel
Martin Albrechtsen,M Albrechtsen,M. Albrechtsen,Martin A.,Albrechtsen
Rezan Corlu,R Corlu,R. Corlu,Rezan C.,Corlu
Rodolph Austin,R Austin,R. Austin,Rodolph A.,Austin
Svenn Crone,S Crone,S. Crone,Svenn C.,Crone
Teemu Pukki,T Pukki,T. Pukki,Teemu P.,Pukki
Thomas Kahlenberg,T Kahlenberg,T. Kahlenberg,Thomas K.,Kahlenberg
Viktor Anker,V Anker,V. Anker,Viktor A.,Anker
Andreas Nordvik,A Nordvik,A. Nordvik,Andreas N.,Nordvik
Awer Mabil,A Mabil,A. Mabil,Awer M.,Mabil
Brent McGrath,B McGrath,B. McGrath,Brent M.,McGrath
Casper Nielsen,C Nielsen,C. Nielsen,Casper N.,Nielsen
Daniel Anyembe,D Anyembe,D. Anyembe,Daniel A.,Anyembe
Daniel Stenderup,D Stenderup,D. Stenderup,Daniel S.,Stenderup
Jeppe Andersen,J Andersen,J. Andersen,Jeppe A.,Andersen
Jeppe Brinch,J Brinch,J. Brinch,Jeppe B.,Brinch
Jeppe HÃ¸jbjerg,J HÃ¸jbjerg,J. HÃ¸jbjerg,Jeppe H.,HÃ¸jbjerg
Jesper JÃ¸rgensen,J JÃ¸rgensen,J. JÃ¸rgensen,Jesper J.,JÃ¸rgensen
Jesper Lauridsen,J Lauridsen,J. Lauridsen,Jesper L.,Lauridsen
Jonas Jensen,J Jensen,J. Jensen,Jonas J.,Jensen
Kevin Mensah,K Mensah,K. Mensah,Kevin M.,Mensah
Lasse Mikkelsen,L Mikkelsen,L. Mikkelsen,Lasse M.,Mikkelsen
Leon Jessen,L Jessen,L. Jessen,Leon J.,Jessen
Mads Hvilsom,M Hvilsom,M. Hvilsom,Mads H.,Hvilsom
Marco Lund,M Lund,M. Lund,Marco L.,Lund
Mark Brink,M Brink,M. Brink,Mark B.,Brink
Mathias Kristensen,M Kristensen,M. Kristensen,Mathias K.,Kristensen
Nikolaj HagelskjÃ¦r,N HagelskjÃ¦r,N. HagelskjÃ¦r,Nikolaj H.,HagelskjÃ¦r
Robin SÃ¶der,R SÃ¶der,R. SÃ¶der,Robin S.,SÃ¶der
Victor PÃ¡lsson,V PÃ¡lsson,V. PÃ¡lsson,Victor P.,PÃ¡lsson
Aboubakar Keita,A Keita,A. Keita,Aboubakar K.,Keita
Andreas Cornelius,A Cornelius,A. Cornelius,Andreas C.,Cornelius
Andrija PavloviÄ‡,A PavloviÄ‡,A. PavloviÄ‡,Andrija P.,PavloviÄ‡
Benjamin VerbiÄ